Study_Hours,Attendance,Previous_Score,Assignments_Score,Final_Marks
4.4,63.3,54.4,80.4,63.5
9.6,79.4,53.6,87.8,74.9
7.6,94.3,89.8,55.0,71.7
6.4,88.0,53.7,77.5,67.5
2.4,91.3,55.0,74.3,54.7
2.4,84.6,81.8,90.0,64.4
1.5,86.2,64.7,94.4,56.6
8.8,93.2,82.7,40.7,63.2
6.4,66.2,43.6,80.4,57.4
7.4,77.0,66.8,43.1,61.7
1.2,65.0,41.8,72.9,44.7
9.7,99.4,43.4,57.3,64.7
8.5,97.5,89.9,58.4,73.6
2.9,56.8,47.7,61.2,49.0
2.6,86.8,69.3,77.3,55.5
2.7,96.6,62.6,60.0,60.6
3.7,63.1,59.1,84.0,53.7
5.7,80.6,89.5,64.3,66.6
4.9,96.2,41.2,44.1,44.9
3.6,56.5,76.5,87.0,60.5
6.5,86.4,93.0,57.1,76.4
2.3,68.4,70.8,66.0,57.4
3.6,96.6,91.5,81.1,77.4
4.3,98.7,42.9,59.9,57.4
5.1,97.5,63.0,43.4,53.6
8.1,76.3,54.3,62.4,62.0
2.8,93.8,80.2,96.7,67.8
5.6,93.0,94.0,78.5,82.9
6.3,69.4,54.1,80.3,57.3
1.4,92.3,76.0,77.9,66.0
6.5,56.7,50.9,51.9,56.8
2.5,81.8,71.1,65.1,66.1
1.6,65.4,65.5,85.1,54.4
9.5,60.4,93.5,46.1,74.6
9.7,58.5,73.5,56.7,78.4
8.3,86.3,59.2,56.6,62.9
3.7,70.3,46.3,65.9,44.3
1.9,87.6,48.3,98.8,50.7
7.2,57.9,52.4,44.1,56.2
5.0,69.2,53.8,71.1,48.9
2.1,79.3,86.8,50.8,56.0
5.5,90.6,70.9,98.2,76.2
1.3,69.3,68.8,46.8,48.5
9.2,83.2,46.3,64.2,67.1
3.3,94.9,87.3,84.3,72.6
7.0,82.7,79.8,82.3,80.6
3.8,65.5,43.7,65.4,45.3
5.7,56.1,78.9,60.8,58.5
5.9,94.2,69.9,63.9,63.4
2.7,56.0,44.5,55.9,47.1
9.7,94.4,65.2,52.3,75.0
8.0,78.8,66.7,69.0,71.1
9.5,97.3,49.1,56.1,72.5
9.1,90.9,92.0,57.2,73.0
6.4,99.9,86.7,79.4,85.4
9.3,70.8,76.8,98.1,87.6
1.8,89.5,65.4,76.2,62.1
2.8,73.1,62.6,44.6,57.3
1.4,76.6,75.8,44.5,43.3
3.9,83.2,70.0,97.1,66.5
,94.3,43.4,57.8,51.0
3.4,99.3,68.2,45.5,60.4
8.5,89.6,84.4,75.9,74.4
4.2,73.8,65.3,77.4,64.9
3.5,74.0,42.9,78.9,59.8
5.9,88.2,83.2,56.0,70.9
2.3,65.7,51.1,40.9,43.7
8.2,60.0,54.2,97.9,65.1
1.7,71.0,49.1,55.1,41.2
9.9,67.9,58.2,80.6,77.2
8.0,68.3,81.6,82.4,78.5
2.8,65.5,68.6,76.6,57.5
1.0,56.9,51.3,58.8,40.7
8.3,55.8,88.3,56.3,59.8
7.4,99.4,88.4,75.9,74.8
7.6,74.2,87.9,92.0,88.0
7.9,72.3,53.1,96.8,64.8
1.7,85.6,64.8,46.4,51.0
4.2,64.8,94.2,49.3,66.0
2.0,97.7,82.5,96.7,65.3
8.8,90.4,41.5,84.2,70.0
6.6,59.0,43.6,93.0,65.7
4.0,73.8,65.5,52.2,54.8
1.6,94.6,90.0,75.3,79.3
3.8,97.5,69.6,82.1,59.8
3.9,76.0,67.4,80.8,67.4
7.6,82.6,45.8,64.5,60.7
6.7,62.5,76.1,40.9,62.5
9.0,99.6,85.2,75.0,84.0
5.2,65.4,60.9,55.2,52.0
2.1,97.4,82.7,67.0,64.7
7.4,84.2,93.0,97.5,75.4
7.8,82.3,51.2,63.9,66.0
6.1,78.1,68.8,90.4,72.1
7.9,65.4,55.8,51.3,61.6
5.4,62.9,83.6,80.3,73.1
5.7,64.9,71.8,98.6,72.1
4.8,63.4,74.9,46.1,56.6
1.2,90.1,83.9,40.5,50.2
2.0,70.8,61.8,66.0,49.0
1.3,57.6,90.3,45.6,57.1
6.7,98.6,69.3,84.9,81.0
3.8,94.8,48.7,94.9,62.7
5.6,96.7,78.3,66.0,69.9
9.2,99.8,83.6,55.5,73.1
3.2,62.8,57.4,66.1,57.4
4.7,72.8,87.1,83.4,73.4
7.8,89.1,89.8,40.5,79.0
3.1,86.3,55.2,75.4,53.8
1.7,61.9,94.1,76.8,60.6
3.6,91.7,47.7,78.3,59.4
2.5,65.1,51.1,54.5,49.1
9.4,65.1,50.1,82.8,67.2
8.3,79.2,89.2,45.5,66.7
6.7,81.7,76.0,52.0,69.2
8.8,81.1,48.4,92.6,74.9
8.2,59.1,64.2,84.3,64.9
2.7,94.5,73.8,40.8,61.4
9.0,67.0,44.6,54.9,64.2
5.9,60.8,88.5,52.9,64.3
8.3,95.0,84.2,56.2,75.0
9.1,98.0,67.8,54.9,74.2
3.9,93.8,93.2,43.8,60.5
2.0,91.4,63.0,67.5,56.8
3.1,84.5,94.1,84.0,61.6
4.8,79.8,76.7,76.4,71.0
8.4,58.9,74.9,80.4,64.6
8.7,73.4,49.1,44.9,65.1
1.1,71.8,88.5,97.1,64.7
5.6,66.7,63.5,90.3,65.0
4.8,87.6,48.9,88.3,60.2
3.0,77.3,40.7,89.4,53.8
2.1,58.6,70.8,96.0,66.8
4.0,64.9,69.0,72.7,48.2
9.5,85.7,79.6,52.0,79.0
3.9,58.4,89.0,77.0,66.6
5.7,93.3,44.4,84.6,58.4
7.3,77.3,80.2,84.3,70.3
4.3,76.6,50.3,71.3,63.7
9.7,81.7,87.2,44.1,69.0
9.7,92.1,85.0,62.3,73.8
3.3,70.7,69.7,95.2,69.8
5.5,85.5,79.1,75.1,71.5
3.7,80.5,57.3,72.3,53.7
3.6,67.0,65.9,56.1,54.7
1.3,94.5,85.2,62.1,56.3
6.5,90.9,65.3,93.7,78.6
5.5,84.6,59.7,80.0,70.0
1.5,93.3,67.2,87.2,64.4
3.5,94.0,85.6,67.3,68.8
9.2,86.9,58.4,77.8,80.8
3.2,92.7,49.6,54.9,52.3
2.3,86.4,79.2,82.3,59.6
5.4,85.6,85.4,65.7,71.4
9.9,82.8,45.5,66.6,76.4
3.2,88.9,53.2,79.0,54.2
7.0,62.1,47.8,96.2,63.3
7.9,94.6,59.1,43.8,65.0
3.1,94.2,64.8,89.5,65.3
7.6,56.3,81.2,57.5,61.2
4.3,92.2,75.8,66.6,70.5
6.7,60.8,74.2,41.3,68.7
6.7,70.1,59.4,58.1,60.6
5.8,88.5,86.3,70.2,68.1
1.8,62.2,65.9,43.4,38.8
8.5,91.8,93.9,69.5,81.9
3.9,92.4,74.9,95.6,76.5
2.7,77.8,46.9,46.3,47.7
1.4,55.3,77.2,85.9,57.7
6.3,67.9,57.9,64.6,57.0
7.1,82.8,77.7,79.3,68.7
1.1,99.2,43.8,55.6,51.1
5.6,83.4,49.6,49.6,58.7
3.0,66.7,87.1,49.6,50.2
6.8,83.5,52.5,44.2,63.9
2.6,79.3,86.0,51.1,61.2
7.2,90.1,55.4,79.9,75.0
4.5,59.8,75.4,92.9,60.5
9.4,89.2,78.2,88.8,76.2
2.2,79.4,68.2,81.1,59.2
4.1,98.3,56.8,46.6,57.7
2.0,70.4,51.7,57.4,55.0
9.3,83.5,41.8,58.6,65.9
8.9,96.9,56.7,55.0,66.7
3.3,59.6,75.9,70.9,53.9
6.9,97.2,91.6,72.1,83.7
8.4,86.0,87.9,61.4,71.3
6.0,58.1,82.1,61.2,70.9
5.8,68.5,83.4,89.7,71.3
3.2,86.9,76.6,87.4,74.7
1.8,58.0,54.3,58.5,48.4
9.1,81.2,89.9,94.8,84.7
9.1,70.6,76.9,97.2,77.8
6.7,82.9,70.8,59.6,64.3
4.1,57.1,46.1,61.3,50.4
4.1,94.2,64.6,70.3,63.3
7.5,98.8,65.3,96.5,75.3
9.1,98.6,87.6,92.6,86.5
9.0,88.7,70.1,46.2,68.7
8.0,60.9,60.9,63.6,53.2
6.8,89.1,93.7,73.2,79.5
1.8,56.1,46.1,70.2,41.0
2.5,56.0,63.2,51.6,42.3
9.1,69.6,42.3,91.5,60.5
6.5,77.0,80.7,80.6,64.4
1.1,89.7,90.5,90.3,62.2
1.9,85.7,55.4,91.5,55.9
7.0,75.1,87.2,84.9,85.1
1.0,67.3,56.1,66.4,45.4
2.4,99.9,90.1,76.6,70.2
5.9,74.2,81.5,49.6,65.0
7.2,75.3,84.3,80.4,75.4
6.9,62.4,41.0,50.8,51.1
3.0,90.8,93.0,81.6,65.9
7.4,86.2,80.0,53.8,75.8
3.1,64.9,56.8,47.1,55.4
3.9,58.7,85.6,49.9,49.7
7.7,85.6,55.5,40.1,54.4
6.8,84.5,88.0,83.1,76.1
8.6,67.3,46.2,83.9,61.5
6.9,97.8,78.7,70.9,76.4
6.1,61.8,69.7,49.7,54.6
,74.5,45.3,45.0,52.0
4.3,97.5,53.3,41.1,58.6
3.4,73.9,40.7,49.9,46.4
3.2,83.7,65.8,93.5,69.8
9.8,72.9,56.6,54.5,70.3
4.5,67.3,72.9,61.3,56.7
9.0,99.3,56.3,46.3,62.5
6.7,73.4,56.5,53.3,58.6
8.2,95.2,80.9,71.2,81.1
5.5,65.3,42.6,76.5,56.4
6.2,64.6,89.7,54.7,58.8
5.4,56.4,86.9,43.5,55.4
2.8,84.3,76.7,63.5,59.9
7.5,71.6,72.6,54.1,64.4
3.5,93.9,89.1,53.2,73.5
1.2,76.3,50.2,97.6,49.6
6.8,98.6,44.3,77.0,67.5
2.6,63.3,53.2,73.4,58.1
9.5,94.1,83.7,64.9,89.4
9.6,89.9,41.9,65.7,64.5
9.2,89.7,72.1,72.5,78.4
4.3,93.0,94.7,81.8,77.6
1.1,89.2,87.1,82.1,66.0
9.4,83.2,68.7,50.3,68.4
4.9,60.9,43.5,70.0,54.3
9.7,56.5,85.7,64.7,62.0
9.7,96.4,72.9,92.2,86.7
8.7,82.7,46.3,77.9,68.0
3.7,90.8,45.2,72.0,55.0
4.5,76.7,90.0,46.9,71.6
8.7,60.3,76.8,76.3,69.1
3.9,60.6,85.6,47.0,55.1
2.5,85.9,88.3,60.2,71.5
6.0,74.4,71.4,48.6,56.4
9.4,64.0,68.5,81.5,70.6
7.3,77.1,63.7,52.4,61.5
6.1,57.9,57.4,63.5,60.7
1.9,81.2,63.9,93.7,62.3
6.5,67.1,82.6,52.3,58.4
9.9,90.9,73.1,70.5,75.3
2.3,69.0,89.1,65.2,57.8
5.7,75.5,64.4,41.1,55.4
8.9,55.5,73.4,87.6,75.4
7.7,58.3,74.7,44.1,62.8
7.3,72.7,72.5,68.5,60.0
7.3,76.6,78.6,73.6,76.6
4.2,82.0,53.1,77.7,60.5
3.6,68.1,68.2,81.3,67.2
8.3,86.3,45.7,55.2,63.3
8.3,93.7,61.1,40.6,68.6
8.8,90.1,66.8,83.4,78.6
9.2,56.8,75.9,72.1,77.3
5.6,76.6,92.3,90.2,78.7
5.5,59.7,73.0,89.3,66.6
8.2,65.9,80.9,90.6,87.0
6.8,99.4,67.8,69.1,74.5
7.3,61.4,74.9,60.0,67.2
8.2,77.4,43.9,87.5,61.3
9.0,82.8,54.0,67.1,61.9
4.0,86.6,59.9,51.0,56.4
4.4,80.2,66.0,91.3,67.4
1.8,55.4,42.5,93.0,47.2
6.2,69.7,47.7,68.0,58.1
1.3,78.3,55.2,44.5,51.8
5.2,59.0,93.4,63.3,69.0
5.9,70.8,58.2,88.2,60.1
3.6,56.5,66.5,94.1,61.1
6.3,58.5,50.8,52.2,49.1
1.3,72.9,73.6,44.0,47.3
1.3,61.0,55.4,92.6,51.7
8.4,80.5,51.4,63.4,62.1
4.2,86.0,68.4,72.5,57.7
2.1,91.0,40.3,98.1,57.0
5.7,64.0,40.4,44.0,44.7
7.9,62.5,52.0,78.9,50.8
2.9,59.7,42.0,44.4,50.1
6.6,83.6,45.9,62.5,63.9
1.8,86.8,58.6,88.2,57.5
1.5,56.4,84.1,66.0,55.3
5.8,97.1,71.5,99.8,71.4
5.9,57.3,68.2,73.5,69.8
6.7,79.4,56.1,59.3,69.2
7.5,86.9,91.2,53.2,73.5
9.8,94.2,61.8,61.0,76.9
5.6,87.1,44.8,62.4,57.8
3.9,91.1,73.9,44.1,52.2
8.2,70.3,46.3,62.2,58.3
3.4,91.7,59.0,67.9,59.3
5.0,58.6,67.9,83.4,60.7
1.7,95.3,88.1,79.4,66.2
1.2,79.6,67.1,82.5,57.3
9.7,91.8,78.6,40.5,71.2
8.5,75.4,94.6,53.1,74.2
7.3,84.0,47.2,79.7,60.5
4.7,78.7,55.1,69.0,55.1
2.6,87.9,61.7,40.3,44.3
2.4,58.7,63.2,88.3,61.3
3.3,57.7,62.6,86.4,48.6
5.9,66.1,89.9,72.9,75.3
7.4,62.2,79.3,44.0,68.5
6.9,94.2,73.4,86.0,74.3
3.5,64.9,57.0,75.0,43.5
9.6,98.9,85.3,86.9,84.6
7.6,70.2,92.5,85.1,78.1
6.0,63.2,85.2,88.2,67.6
6.5,90.5,40.1,71.1,58.1
4.8,84.6,75.0,48.4,67.3
3.2,77.4,42.8,80.3,56.9
4.2,80.0,54.2,77.2,55.0
7.8,87.4,43.3,84.5,59.8
1.1,65.3,73.2,50.2,47.2
2.0,99.8,77.8,51.7,57.7
1.4,98.9,46.3,93.4,60.4
1.4,84.3,61.1,85.0,55.4
8.7,64.0,65.1,94.5,76.1
7.3,85.6,60.3,85.5,79.6
,58.2,46.7,75.8,58.8
1.9,56.4,63.0,79.2,52.8
5.4,66.6,81.3,93.3,70.8
5.3,,43.9,74.7,55.5
2.6,94.1,44.4,77.9,60.8
4.9,87.7,59.5,49.4,53.9
4.6,88.4,91.8,68.4,70.9
6.5,74.1,76.8,83.0,71.7
6.7,70.6,77.3,56.3,62.5
1.4,71.7,59.9,52.1,40.8
4.4,99.4,72.7,58.8,65.5
6.6,56.8,40.6,54.5,50.3
5.5,94.0,75.0,52.9,67.0
8.7,81.0,90.2,65.5,74.8
6.9,74.7,73.7,94.5,79.9
2.5,87.6,88.1,70.4,61.4
1.6,76.9,79.8,51.3,61.8
6.8,94.3,46.6,44.6,49.2
1.2,95.5,89.6,81.8,69.1
6.3,74.0,43.7,63.0,58.2
9.5,67.5,69.4,89.3,72.6
6.2,81.7,47.8,79.6,64.5
4.5,96.1,40.6,87.8,67.1
6.8,64.5,63.2,56.3,49.6
5.1,83.0,56.2,81.5,65.7
5.9,83.4,66.7,55.8,50.7
9.5,88.0,71.7,96.3,78.0
4.5,60.9,42.4,78.2,60.5
9.7,87.2,46.8,59.5,63.3
9.1,95.9,70.7,56.2,67.3
2.8,63.1,58.9,51.5,47.2
1.6,65.7,80.1,81.7,69.1
1.9,98.7,75.9,53.1,49.7
1.2,63.1,86.5,75.7,54.1
1.8,93.4,78.1,55.9,64.9
7.1,77.2,63.6,79.7,76.9
1.6,66.1,77.0,88.9,60.3
3.9,94.2,55.1,86.7,58.2
8.6,75.0,56.8,85.7,80.3
1.2,78.2,83.4,51.3,61.7
8.3,71.2,64.6,45.3,64.8
3.5,81.7,83.9,81.9,64.4
2.1,62.4,85.2,62.1,56.7
7.3,72.6,87.2,65.9,71.0
6.7,98.6,90.4,41.9,71.6
8.9,66.6,63.7,55.6,71.1
7.6,84.6,57.5,42.0,63.7
8.2,69.6,72.0,92.8,70.5
3.5,89.8,60.4,54.6,61.8
2.6,60.9,73.1,73.4,58.4
7.8,98.6,78.8,42.3,72.2
8.3,75.4,77.9,80.0,81.8
9.9,65.6,60.6,59.4,61.6
4.7,58.3,49.2,93.9,58.9
4.3,62.6,63.7,93.3,60.8
8.0,78.4,47.8,59.5,53.9
4.1,70.2,89.0,94.1,73.4
9.4,92.3,59.0,99.8,91.2
8.7,74.4,48.5,89.5,61.2
4.9,66.2,41.4,90.7,57.6
7.8,82.8,75.5,54.9,71.3
7.8,86.8,75.0,74.6,74.5
1.9,62.5,58.7,44.0,43.5
9.1,62.5,43.9,45.7,50.0
5.5,56.7,62.5,99.9,67.1
8.4,88.1,57.1,59.6,63.0
3.9,84.9,77.2,84.9,58.4
9.1,76.4,73.3,88.4,83.2
4.5,93.0,60.1,91.5,71.9
1.1,91.3,52.0,99.9,59.7
9.1,81.3,94.3,54.5,77.6
1.8,94.1,65.0,42.4,55.8
3.9,64.3,77.9,64.7,60.7
9.6,60.0,47.7,47.8,62.2
9.6,67.1,66.7,41.3,62.2
6.2,57.6,41.5,61.6,57.8
6.7,78.9,67.8,87.0,72.5
5.0,97.1,93.0,74.0,75.8
3.6,56.8,61.1,58.8,45.5
4.0,60.5,42.1,79.3,53.4
7.1,75.3,41.7,53.9,51.4
7.8,97.0,61.3,40.9,60.4
8.1,69.2,48.8,85.9,62.7
8.1,77.8,41.3,77.4,58.8
1.8,56.9,81.6,85.7,69.7
5.4,61.7,65.2,42.3,59.1
1.5,99.4,55.9,90.2,69.2
5.9,98.4,89.5,77.2,71.3
5.0,,46.4,73.8,53.6
9.0,97.8,92.6,77.5,78.7
4.2,83.8,57.3,91.9,61.4
2.1,94.1,88.9,75.2,62.9
2.3,75.5,73.2,74.9,64.9
7.9,78.2,85.5,99.4,80.2
6.6,77.0,94.1,85.4,82.8
1.9,85.0,55.9,66.5,55.6
1.8,61.3,92.9,82.4,73.8
7.3,56.3,61.4,63.4,53.8
1.7,68.9,61.2,53.7,53.6
8.4,86.7,58.7,75.8,75.8
7.4,64.1,69.8,95.7,68.3
1.7,85.3,48.5,95.7,62.1
1.8,98.6,70.5,60.5,59.5
9.9,59.2,69.8,71.7,70.3
4.4,,81.9,52.7,59.1
4.3,75.0,85.9,99.7,70.4
8.3,94.1,64.2,98.9,88.4
9.5,63.0,56.6,79.0,69.0
9.9,86.2,54.3,88.3,79.2
7.8,92.7,50.7,82.9,66.2
4.4,97.5,43.2,75.6,55.6
1.8,85.7,58.8,43.2,52.7
8.0,77.4,54.9,67.3,58.8
6.0,82.8,93.2,80.5,74.3
4.8,94.1,70.7,80.7,69.0
9.2,80.7,59.1,62.4,68.6
2.0,56.4,71.9,96.5,59.4
5.4,96.9,47.7,50.0,57.9
1.1,86.0,64.4,70.0,57.8
5.2,85.4,74.4,81.5,72.8
1.5,64.7,66.9,81.8,51.0
2.1,84.6,62.1,78.9,56.9
2.1,72.7,94.7,56.5,65.6
6.8,84.3,88.4,49.4,73.0
7.7,59.8,74.3,78.2,63.4
6.3,84.6,71.3,76.0,71.1
9.7,100.0,74.1,50.8,65.4
4.4,57.2,51.1,82.3,56.1
3.6,99.0,61.7,67.3,69.6
8.8,73.3,42.2,80.1,61.0
3.0,94.2,66.2,90.2,62.2
9.7,90.2,69.9,50.2,74.5
1.1,80.5,52.5,41.1,36.0
9.7,88.2,93.0,86.7,83.9
1.4,94.5,90.0,76.6,68.9
9.0,73.2,79.7,82.0,74.5
5.7,69.7,69.3,90.3,67.4
9.9,85.0,87.8,88.2,88.8
1.7,91.4,47.2,97.7,60.7
6.0,89.3,83.5,72.2,73.6
9.7,90.9,46.9,69.3,67.6
5.7,74.6,83.7,64.1,68.8
6.7,91.8,55.2,49.2,59.6
7.3,60.4,88.2,74.4,74.1
5.1,79.5,91.9,56.6,65.0
6.6,55.3,48.2,95.3,61.9
6.3,69.6,65.4,75.0,60.3
9.1,71.5,94.0,75.6,79.8
1.4,72.8,66.6,61.3,47.8
3.5,86.3,87.5,43.1,55.2
9.6,72.5,72.4,41.9,67.5
9.0,75.2,60.6,65.4,68.8
5.1,65.7,55.7,45.1,54.6
6.6,71.8,51.2,76.4,60.0
3.5,65.2,81.9,92.9,69.1
2.7,58.3,61.3,93.0,60.6
5.2,82.2,68.1,79.5,68.5
4.2,85.1,67.1,52.7,54.1
6.3,82.9,71.8,91.8,73.9
1.7,75.9,87.6,93.2,68.6
9.8,72.1,93.9,51.8,75.7
9.9,93.9,62.4,84.2,69.1
7.3,78.4,85.5,57.2,70.8
5.8,76.6,82.0,88.2,83.2
3.8,56.2,71.5,99.8,63.3
8.3,70.4,92.6,41.8,65.9
7.2,72.1,51.0,93.8,69.2
2.5,72.9,46.0,77.4,53.2
9.2,81.1,87.0,98.4,90.9
8.4,79.0,64.2,67.9,63.3
9.5,82.4,86.6,90.8,87.7
7.5,89.4,89.1,43.7,72.9
6.5,91.6,43.4,60.1,58.2
4.8,87.3,88.6,44.0,65.4
9.4,98.0,64.7,98.5,87.0
8.8,,68.1,89.0,76.0
1.4,63.8,74.5,91.2,54.6
1.2,55.3,91.0,96.3,67.7
4.4,84.1,41.1,45.1,48.1
8.3,95.4,66.2,63.1,71.4
9.9,66.0,77.8,44.3,68.4
2.4,96.7,79.7,52.6,59.1
6.3,57.7,78.1,53.8,66.5
4.4,97.0,47.4,68.1,58.0
9.7,70.8,56.5,56.1,60.0
8.6,59.6,59.7,46.1,57.3
8.5,76.9,84.2,50.0,71.1
5.2,66.6,55.3,48.8,57.7
4.7,67.8,51.6,98.4,65.3
3.5,68.8,92.7,85.6,65.5
1.5,91.1,,98.1,67.6
8.8,79.3,94.9,66.4,79.9
8.3,69.0,77.2,56.7,73.8
10.0,82.5,85.6,87.9,83.8
10.0,87.2,56.2,59.6,71.9
6.0,67.3,40.8,58.0,55.8
7.9,73.6,80.6,54.0,73.8
9.5,60.5,85.9,47.8,74.3
8.6,63.2,80.7,55.4,72.3
3.2,85.7,47.9,61.3,50.7
5.1,63.2,81.4,,64.5
2.2,78.6,82.3,43.8,56.1
9.6,86.9,76.2,52.6,77.0
6.5,59.8,82.1,88.5,70.8
3.1,80.5,86.5,48.8,64.3
7.0,66.5,73.7,60.6,71.2
6.6,98.3,44.9,91.9,64.5
4.2,76.8,66.8,49.3,51.7
2.0,91.3,44.3,45.0,44.7
7.0,79.8,62.4,69.1,67.1
5.7,57.0,62.4,58.1,53.7
8.0,83.5,43.6,73.8,70.2
5.7,97.8,59.2,88.2,71.9
8.7,82.1,46.1,48.2,60.0
6.0,91.9,84.5,74.8,67.3
6.0,94.8,92.1,70.3,69.5
8.9,65.3,44.0,48.6,57.9
4.6,64.5,92.5,77.4,59.2
2.2,82.5,68.7,56.4,59.0
1.3,73.5,56.5,69.3,49.7
7.8,92.8,44.2,44.9,72.9
6.6,95.5,67.5,67.6,79.2
7.3,70.9,83.7,58.4,67.7
2.9,65.7,78.9,89.3,63.7
2.2,90.1,42.8,43.4,49.2
1.1,67.4,44.0,65.1,51.7
4.2,92.0,62.2,67.5,54.0
6.3,74.1,56.2,83.5,56.9
4.5,85.0,52.8,74.5,56.9
4.9,59.3,55.5,80.0,60.7
9.1,83.1,84.2,86.6,84.1
4.1,75.3,91.1,91.7,77.6
5.6,81.4,62.3,58.8,55.0
8.1,62.6,89.8,72.3,63.7
4.6,88.2,57.7,90.4,69.8
6.6,93.8,66.2,99.4,72.4
8.8,64.8,52.4,93.4,61.0
9.5,59.3,75.2,62.3,70.4
2.3,56.1,93.8,51.7,59.8
9.3,83.9,73.2,69.4,74.3
5.4,82.3,59.7,84.5,63.7
3.3,79.6,75.6,69.6,61.0
5.1,65.4,46.8,69.0,52.6
9.8,72.6,88.9,90.3,77.8
5.4,81.8,67.7,61.7,59.1
4.0,77.4,64.7,91.6,67.4
6.7,99.5,72.2,64.4,71.9
3.2,61.1,74.4,59.7,56.0
1.7,86.3,43.9,67.2,44.8
2.2,73.2,,85.7,61.9
2.2,74.3,53.3,47.6,36.3
2.4,87.3,79.3,51.8,58.5
2.2,86.2,85.2,97.1,76.6
6.8,99.6,84.2,50.5,64.1
2.6,60.8,70.4,74.1,53.7
4.1,59.7,68.6,74.8,60.5
,87.6,47.9,69.4,73.1
5.3,81.0,82.6,78.7,68.7
7.0,67.3,54.9,53.8,54.3
2.6,58.6,67.3,73.2,45.9
2.7,58.9,55.6,62.3,49.3
1.4,95.2,47.4,79.7,63.6
2.5,63.6,74.6,48.5,52.7
3.5,69.6,43.0,74.3,51.6
2.6,65.2,81.2,51.1,56.0
1.8,71.0,57.5,56.7,48.1
2.1,58.1,40.0,53.1,36.7
5.1,78.4,68.1,51.0,62.2
2.9,58.0,42.6,89.5,53.0
4.3,91.0,55.2,57.1,56.8
5.5,65.5,78.9,95.6,67.1
7.2,79.3,43.4,98.2,73.5
1.4,94.6,86.2,74.3,67.5
8.2,84.3,40.2,48.6,54.9
6.7,79.0,53.6,62.5,65.2
1.7,69.6,80.7,87.9,60.2
8.9,70.0,57.4,62.0,61.4
9.3,85.1,45.6,45.2,57.3
1.5,99.7,59.8,73.4,49.6
3.5,84.8,54.9,90.7,64.2
8.3,80.1,86.3,87.8,72.3
7.7,87.9,57.2,50.5,57.0
2.7,75.9,83.4,80.4,55.4
2.9,57.7,89.1,53.2,56.4
4.3,80.3,63.9,53.1,55.7
5.4,98.1,90.0,92.4,78.2
6.6,62.9,60.8,55.0,53.1
4.3,86.1,93.0,55.8,61.5
5.2,64.0,44.9,40.0,48.5
7.7,79.1,77.8,92.2,75.1
1.3,59.4,67.2,87.6,57.0
3.3,75.3,61.3,77.6,54.6
7.4,89.0,74.8,85.0,76.8
9.1,70.6,78.7,49.1,74.5
5.6,84.9,40.2,67.5,59.2
5.8,90.8,49.2,61.1,57.3
2.0,96.7,79.2,45.6,58.1
5.0,65.6,76.7,69.2,62.0
5.8,73.0,93.1,95.2,77.7
3.2,61.9,81.9,42.4,51.9
3.4,99.7,92.3,57.5,66.8
4.4,96.7,78.6,52.5,64.7
1.2,79.3,56.4,54.3,42.9
3.9,92.9,45.8,94.5,58.1
2.9,78.4,83.0,68.1,56.2
3.9,83.1,75.4,68.0,56.0
2.1,59.0,42.7,85.6,44.0
9.0,89.0,59.8,49.3,66.8
6.3,60.7,92.6,69.2,65.8
7.1,92.2,67.5,65.8,71.2
8.1,90.2,63.8,75.8,72.3
5.5,86.9,65.2,100.0,63.4
1.8,56.6,51.5,86.2,54.1
5.8,68.6,60.3,63.9,62.8
6.3,66.8,60.3,89.7,61.9
7.7,71.2,42.9,50.2,57.1
4.9,58.9,82.2,41.8,52.6
2.1,97.2,62.9,52.3,54.5
3.6,79.9,85.2,60.4,57.3
4.3,68.7,86.8,70.6,57.4
6.8,72.9,51.7,76.9,61.1
6.1,75.1,76.2,94.6,72.9
4.2,82.0,66.0,70.6,59.7
9.9,78.2,88.4,70.1,74.6
6.5,96.4,51.9,43.0,56.2
3.1,77.4,77.3,42.1,55.7
1.9,99.6,73.4,73.1,62.2
2.4,93.3,56.2,66.3,56.3
3.2,64.4,47.5,90.4,52.5
2.4,96.9,75.8,49.6,63.1
2.7,60.2,80.6,41.5,46.0
3.6,91.8,57.4,66.9,60.6
2.6,72.1,75.5,54.2,60.2
9.1,94.5,61.7,43.0,68.5
1.7,94.1,79.2,83.5,64.4
5.7,91.3,51.0,46.7,53.6
4.7,90.6,89.0,76.5,77.1
9.8,68.7,55.8,56.9,58.5
2.0,58.6,60.2,50.4,41.2
4.6,73.1,43.2,62.8,50.1
9.7,62.8,46.1,88.1,74.1
8.8,86.3,68.4,63.5,73.0
8.4,70.6,54.7,85.0,64.5
3.3,98.9,,47.5,61.3
2.5,83.8,40.8,86.4,51.7
7.0,92.0,60.9,54.2,60.6
9.4,61.0,58.6,80.6,73.8
6.0,93.8,41.1,73.9,54.7
6.1,96.5,46.8,95.7,76.0
3.5,76.9,62.8,63.2,59.9
7.9,82.3,67.1,44.0,68.2
2.7,89.4,62.2,41.1,48.9
3.9,62.9,69.2,89.6,62.4
4.8,77.6,72.7,71.5,57.8
5.6,72.9,40.5,86.5,56.9
3.2,61.6,65.5,54.1,53.5
2.0,71.5,93.0,60.7,66.2
6.5,58.1,68.5,41.8,50.8
3.6,56.2,77.3,97.7,64.0
6.2,61.1,57.2,80.1,61.1
2.4,98.3,82.6,96.0,65.5
5.3,79.7,82.5,55.9,67.4
5.8,98.5,68.7,76.7,67.0
1.5,74.5,93.7,80.7,64.1
4.0,69.0,46.9,59.1,48.0
2.2,77.8,40.9,90.9,50.3
1.6,74.8,82.4,96.8,65.9
9.9,59.8,84.4,93.1,80.2
3.9,83.8,46.6,84.3,57.0
8.3,64.7,54.6,56.6,57.2
3.3,82.9,41.0,56.9,50.1
7.1,84.3,56.1,97.8,79.5
7.8,61.8,82.5,40.6,63.8
6.4,57.8,68.5,83.0,70.3
5.2,90.1,59.1,82.4,59.7
4.7,75.7,60.4,77.4,62.1
4.1,57.6,40.1,99.4,51.3
9.4,99.8,56.5,,63.6
8.5,57.6,75.6,60.4,63.5
9.7,86.3,93.6,44.7,81.5
2.1,99.3,86.6,66.6,69.4
7.6,65.8,41.3,55.7,56.0
9.4,61.4,89.4,60.6,66.8
2.6,60.5,83.1,,63.2
1.6,68.6,82.9,96.1,66.1
7.7,59.5,65.2,51.1,60.8
6.2,86.1,61.9,62.4,55.0
8.6,57.8,56.7,95.7,66.3
2.3,77.9,43.6,43.7,42.8
8.2,99.9,52.6,45.5,65.6
2.8,91.6,53.6,49.8,41.3
2.5,82.7,66.6,75.7,58.6
2.5,68.8,81.1,49.0,55.1
8.3,83.1,66.1,98.1,81.4
7.0,78.7,43.2,66.8,62.3
5.7,74.2,92.7,70.1,73.9
4.2,60.9,91.8,54.8,57.8
8.9,94.9,83.2,68.3,70.1
4.5,75.2,94.5,79.7,69.9
8.3,63.8,69.9,85.1,76.5
5.0,71.5,93.0,85.2,79.3
4.4,73.6,44.2,74.7,58.1
5.2,92.2,60.1,94.3,71.6
3.7,88.0,52.4,89.0,63.7
7.7,89.6,50.8,85.4,67.2
5.5,55.5,47.7,43.3,46.6
3.1,73.7,74.2,40.4,60.0
9.1,76.7,83.0,52.7,67.7
4.5,55.9,71.8,79.8,68.7
5.9,66.7,48.1,64.7,54.1
9.2,89.2,84.6,64.1,83.7
6.6,61.2,75.0,93.1,65.0
2.1,79.1,61.3,93.7,63.3
9.5,64.7,77.1,94.6,76.0
6.6,55.5,54.3,58.8,49.1
4.0,65.9,59.0,81.5,59.7
2.3,98.9,90.5,56.3,68.6
8.1,91.1,56.0,51.4,60.1
6.6,98.2,65.8,51.1,58.0
5.8,77.0,89.0,60.5,68.0
9.0,59.9,78.9,65.8,70.3
8.1,79.7,43.4,89.9,70.1
2.4,75.4,48.1,47.2,49.4
3.8,93.0,40.4,84.1,58.0
3.2,59.4,74.7,71.9,66.5
7.7,77.0,64.6,57.3,65.5
1.3,61.8,47.4,69.6,44.0
6.1,69.6,92.7,58.0,61.0
7.9,88.2,69.1,75.8,71.8
8.9,76.4,53.3,66.0,64.3
4.1,71.9,67.5,49.9,59.0
8.4,72.8,77.4,47.0,68.6
2.0,75.7,44.2,72.8,44.2
8.6,90.3,55.1,94.1,76.0
2.1,95.1,84.4,60.6,65.2
4.6,98.0,65.3,84.0,75.2
8.2,90.4,70.1,79.5,79.2
2.3,69.2,63.8,95.9,64.1
3.1,86.0,42.4,89.3,57.6
7.5,74.7,49.1,74.0,64.9
7.5,66.5,64.5,79.4,73.3
6.8,92.8,51.5,93.9,64.6
7.2,56.7,42.7,64.0,53.3
5.9,95.6,86.4,59.6,67.5
3.3,75.8,94.0,40.6,61.0
4.1,83.7,83.6,89.6,77.1
2.6,84.7,87.0,88.1,66.4
9.2,95.3,53.3,46.3,54.2
6.3,83.7,92.8,74.6,73.6
4.6,82.6,50.8,67.8,61.3
5.2,58.0,92.3,47.1,63.8
9.5,78.3,94.7,98.8,90.0
2.4,61.8,79.1,52.9,52.1
6.3,88.2,94.0,44.0,63.2
5.6,78.0,71.3,75.7,69.0
6.5,85.6,54.3,84.3,63.3
1.2,56.9,,41.9,52.4
8.8,58.8,72.6,79.5,74.2
9.4,87.2,44.0,71.9,64.9
6.1,58.2,74.2,46.2,55.0
7.3,58.2,94.0,50.4,66.9
9.3,55.5,50.5,74.1,63.0
7.4,98.0,83.6,57.8,78.5
2.4,88.2,89.9,96.3,73.0
6.2,70.9,91.9,89.1,73.0
6.5,68.3,92.8,99.0,87.7
4.8,70.7,68.7,55.6,58.0
7.6,89.9,93.8,98.2,89.1
9.4,84.8,81.7,65.9,74.2
9.3,63.3,48.9,60.9,63.4
5.1,62.8,66.2,43.0,54.5
2.0,59.4,79.5,43.2,41.2
9.9,84.7,53.6,81.5,82.5
8.6,89.4,75.2,67.5,80.3
2.1,66.9,76.7,53.6,51.3
9.3,55.9,48.9,76.8,59.4
8.8,58.7,71.1,55.2,66.6
5.7,98.6,82.4,74.7,74.1
6.3,68.3,67.4,61.6,63.4
4.6,89.6,40.7,89.4,61.7
1.5,83.1,40.5,89.2,55.0
4.0,72.2,59.6,68.6,63.3
8.2,64.3,90.9,61.0,74.7
1.0,60.5,52.6,61.8,39.6
4.0,82.7,74.9,88.3,74.4
4.6,89.9,52.2,,64.3
5.8,84.0,57.7,52.5,72.5
9.3,78.9,86.6,45.1,66.9
4.1,56.9,80.1,68.0,61.4
4.1,98.6,45.2,68.9,48.2
7.6,90.9,63.6,90.5,77.3
5.1,68.2,41.6,53.3,46.8
3.0,99.1,66.4,62.9,68.7
,82.1,76.4,88.5,67.6
2.3,81.2,46.5,89.4,48.4
2.6,88.7,55.9,63.1,52.1
5.5,91.5,61.9,67.5,55.1
4.8,84.5,90.6,58.2,70.9
9.2,60.8,94.6,96.0,74.3
4.3,70.2,42.5,47.1,46.7
6.2,96.8,81.9,96.0,70.3
6.7,65.1,60.4,81.0,63.4
1.1,71.7,61.6,71.9,59.2
7.0,74.4,81.5,42.0,65.4
2.6,74.8,90.5,68.5,59.6
9.6,82.6,92.3,64.5,79.7
2.3,97.4,71.7,49.7,56.6
4.7,65.8,59.6,79.4,62.0
1.8,60.5,83.3,98.3,58.3
10.0,63.9,53.8,73.7,70.7
5.5,94.9,71.0,82.9,59.0
6.4,84.1,59.7,44.1,55.3
1.6,67.9,76.1,65.1,52.6
7.7,91.7,53.2,47.0,64.0
2.9,93.8,50.5,76.8,57.7
9.1,93.1,90.5,96.3,81.7
2.8,96.4,45.6,79.7,52.7
2.7,66.4,67.8,44.6,50.3
1.3,89.0,52.1,61.3,49.5
5.2,75.7,42.1,73.0,53.3
6.1,92.9,42.0,64.2,56.6
1.6,87.8,49.6,90.0,59.8
8.0,89.9,87.7,88.9,80.0
5.1,84.5,55.5,76.7,61.9
5.7,63.0,92.3,62.4,76.9
5.0,79.5,72.0,55.3,54.3
4.6,99.3,64.0,46.4,50.5
6.0,97.2,71.9,61.3,71.1
2.4,56.9,68.4,64.8,49.2
2.6,62.4,81.7,80.5,60.2
8.8,60.9,55.5,79.5,63.3
9.5,87.7,59.4,44.2,64.4
4.4,91.8,89.2,63.7,76.1
3.4,64.6,92.1,50.9,63.1
6.8,77.8,89.1,49.4,71.9
4.7,92.8,63.1,89.6,62.0
1.2,88.0,,42.5,48.8
2.4,79.4,66.2,65.2,43.0
7.4,81.6,67.4,50.1,60.1
6.9,77.9,51.3,92.8,72.1
1.2,68.4,72.5,73.4,57.4
3.0,80.4,50.2,53.9,48.6
3.1,86.0,58.2,70.1,57.2
7.0,94.3,87.0,83.9,76.3
1.2,83.6,51.4,97.5,58.4
1.9,89.3,43.9,53.2,50.2
8.2,62.2,43.8,93.2,58.4
2.6,75.8,91.7,96.1,72.2
6.9,55.4,67.9,95.0,73.5
3.1,66.1,62.5,78.1,55.1
1.9,87.7,84.6,77.8,67.9
3.2,99.6,86.0,64.2,79.5
7.5,59.5,58.3,85.1,65.5
8.7,73.1,78.1,71.9,75.5
8.5,91.0,82.4,80.6,76.6
4.6,64.2,76.0,65.7,61.7
7.0,80.0,48.3,83.9,67.3
2.8,88.0,88.2,89.5,71.7
3.6,82.7,69.7,48.8,51.3
9.1,63.5,55.5,90.0,71.5
1.1,71.0,63.4,72.4,58.9
1.8,90.3,42.1,90.7,57.5
2.9,79.9,47.0,65.9,55.7
1.2,55.2,82.1,62.7,51.8
2.6,89.2,40.0,94.9,60.9
6.2,56.6,62.9,55.1,57.7
4.8,88.6,68.7,90.7,65.5
9.0,64.1,43.0,69.0,62.9
8.4,98.1,93.5,70.8,77.4
4.1,71.6,52.4,,49.4
3.3,69.7,56.7,74.4,56.3
4.4,61.7,56.7,59.5,54.0
6.3,68.8,52.7,42.4,47.3
3.4,94.4,40.1,56.3,55.3
6.6,,80.1,40.4,69.2
4.7,71.6,93.2,98.7,72.7
6.0,75.2,52.3,97.9,60.0
4.9,87.5,76.5,63.7,64.8
3.7,94.9,80.8,83.7,68.4
9.5,81.7,86.7,60.7,77.3
7.9,72.6,63.2,80.3,67.8
2.3,73.6,56.7,88.3,48.4
8.8,86.3,57.9,96.8,74.7
5.4,55.1,79.2,64.0,60.2
9.1,82.9,84.9,87.0,85.0
8.2,71.0,50.0,56.0,56.7
4.8,90.7,60.4,99.4,77.4
1.2,59.2,89.6,41.5,41.9
3.4,81.5,84.4,76.2,72.4
5.9,76.6,94.2,79.6,73.9
6.7,83.9,81.5,81.3,78.5
3.3,57.9,61.6,47.2,48.3
2.3,81.1,72.5,96.3,70.6
8.5,80.3,76.4,50.9,67.1
9.9,80.2,44.3,77.4,63.9
5.7,82.2,69.9,53.4,68.0
2.5,85.4,79.0,58.4,58.7
3.5,91.2,49.2,72.8,58.1
1.2,67.1,82.9,65.0,61.4
9.2,92.1,72.1,49.6,66.2
2.1,77.4,92.4,50.3,61.5
6.2,58.5,42.3,65.1,50.5
3.5,57.6,54.6,85.4,55.2
6.0,70.0,73.1,93.9,71.5
6.9,90.3,56.3,45.0,52.8
8.5,86.8,79.3,63.6,70.5
2.9,90.5,81.7,46.0,64.8
1.1,78.3,45.6,41.0,44.4
2.2,74.8,68.3,79.7,58.4
9.1,61.6,68.0,76.1,71.6
8.9,69.8,60.3,49.8,61.4
6.4,74.5,91.3,54.0,74.5
6.4,59.0,85.5,41.4,59.8
7.0,64.9,78.3,90.1,74.1
2.6,81.9,79.3,98.5,74.0
9.2,88.1,65.4,48.1,64.2
4.8,99.9,90.7,53.9,76.2
4.4,97.0,78.2,92.1,66.7
5.7,83.9,80.1,95.6,82.9
1.4,74.0,87.4,65.2,57.2
2.5,83.6,55.1,43.0,46.7
7.6,90.4,84.4,42.4,60.4
1.7,60.3,50.7,74.4,46.4
6.4,73.4,59.0,63.6,56.2
3.2,92.8,58.5,41.7,49.0
4.5,72.3,93.8,75.0,69.2
3.6,80.7,87.1,40.7,63.1
4.2,81.4,78.6,87.2,70.2
7.5,63.3,80.0,58.4,67.9
3.7,71.3,70.9,42.4,47.9
6.1,70.1,92.1,75.3,68.5
5.3,56.2,67.3,63.9,66.0
7.0,56.1,60.9,98.4,65.1
9.4,92.4,49.0,72.7,77.6
7.6,67.3,83.2,56.5,66.8
2.9,78.3,80.4,82.6,65.3
1.3,68.4,61.1,56.3,52.4
3.4,97.3,41.4,94.3,66.7
6.4,66.7,86.1,62.5,67.0
1.5,74.3,40.6,73.0,45.4
5.5,94.3,78.7,43.0,63.2
6.4,92.9,93.4,65.6,76.7
4.0,63.4,64.1,89.9,65.9
7.9,91.1,52.9,88.3,71.7
2.0,75.6,78.8,53.5,57.8
1.7,76.7,84.9,53.6,63.8
7.6,61.0,70.1,89.0,72.7
5.5,58.6,93.2,95.8,76.0
7.2,87.8,42.8,45.7,49.1
4.9,77.3,67.8,67.0,49.9
3.2,74.7,79.5,60.2,61.1
8.4,87.8,87.4,92.2,83.1
8.2,89.4,49.9,45.0,58.0
7.3,62.2,84.0,52.7,66.7
3.4,82.5,70.4,85.1,64.5
6.3,61.1,61.8,43.1,59.2
4.2,88.8,47.2,69.6,57.2
1.8,84.6,87.6,66.5,58.7
9.3,98.0,48.7,60.1,72.2
2.2,58.1,57.0,63.7,47.3
9.6,57.6,56.0,71.8,68.6
5.0,67.7,87.9,49.7,59.8
4.4,97.0,47.4,68.1,58.0
8.3,63.8,69.9,85.1,76.5
5.2,92.2,60.1,94.3,71.6
4.2,82.0,66.0,70.6,59.7
9.6,60.0,47.7,47.8,62.2
